{"cameraMode":{"drawMode":0,"name":"Shaded","section":"Shading Mode"},"sceneLighting":false,"audioPlay":false,"sceneViewState":{"m_AlwaysRefresh":false,"showFog":true,"showSkybox":false,"showFlares":true,"showImageEffects":true,"showParticleSystems":true,"showVisualEffectGraphs":true,"m_FxEnabled":true},"in2DMode":false,"pivot":{"x":-0.1188156008720398,"y":0.9555747509002686,"z":0.1313382387161255},"rotation":{"x":-0.029892781749367715,"y":0.9673630595207214,"z":-0.211055189371109,"w":-0.13701243698596955},"size":1.6053372621536255,"orthographic":false}