{"cameraMode":{"drawMode":0,"name":"Shaded","section":"Shading Mode"},"sceneLighting":false,"audioPlay":false,"sceneViewState":{"m_AlwaysRefresh":false,"showFog":true,"showSkybox":false,"showFlares":true,"showImageEffects":true,"showParticleSystems":true,"showVisualEffectGraphs":true,"m_FxEnabled":true},"in2DMode":false,"pivot":{"x":-0.08159178495407105,"y":0.9420546293258667,"z":0.1619574874639511},"rotation":{"x":-0.029892781749367715,"y":0.9673630595207214,"z":-0.211055189371109,"w":-0.13701243698596955},"size":2.005422592163086,"orthographic":false}