{"cameraMode":{"drawMode":0,"name":"Shaded","section":"Shading Mode"},"sceneLighting":false,"audioPlay":false,"sceneViewState":{"m_AlwaysRefresh":false,"showFog":true,"showSkybox":false,"showFlares":true,"showImageEffects":true,"showParticleSystems":true,"showVisualEffectGraphs":true,"m_FxEnabled":true},"in2DMode":false,"pivot":{"x":0.1713988184928894,"y":0.7647591829299927,"z":0.15417146682739259},"rotation":{"x":-0.029892781749367715,"y":0.9673630595207214,"z":-0.211055189371109,"w":-0.13701243698596955},"size":1.8143717050552369,"orthographic":false}