{"cameraMode":{"drawMode":0,"name":"Shaded","section":"Shading Mode"},"sceneLighting":false,"audioPlay":false,"sceneViewState":{"m_AlwaysRefresh":false,"showFog":true,"showSkybox":false,"showFlares":true,"showImageEffects":true,"showParticleSystems":true,"showVisualEffectGraphs":true,"m_FxEnabled":true},"in2DMode":false,"pivot":{"x":0.2583891749382019,"y":0.4710003435611725,"z":0.04539614915847778},"rotation":{"x":0.024812180548906328,"y":0.9657223224639893,"z":-0.07904388755559921,"w":0.24603350460529328},"size":0.3549652397632599,"orthographic":false}