{"cameraMode":{"drawMode":0,"name":"Shaded","section":"Shading Mode"},"sceneLighting":false,"audioPlay":false,"sceneViewState":{"m_AlwaysRefresh":false,"showFog":false,"showSkybox":false,"showFlares":false,"showImageEffects":false,"showParticleSystems":false,"showVisualEffectGraphs":true,"m_FxEnabled":true},"in2DMode":false,"pivot":{"x":-0.00003081560134887695,"y":0.8401961326599121,"z":-0.04334934800863266},"rotation":{"x":-0.029892781749367715,"y":0.9673630595207214,"z":-0.211055189371109,"w":-0.13701243698596955},"size":1.908066749572754,"orthographic":false}